Sample,Cohort
045_neg_Cohort_1_1,Cohort_1
046_neg_Cohort_1_2,Cohort_1
047_neg_Cohort_1_3,Cohort_1
048_neg_Cohort_1_4,Cohort_1
049_neg_Cohort_1_5,Cohort_1
053_neg_Cohort_2_1,Cohort_2
054_neg_Cohort_2_2,Cohort_2
055_neg_Cohort_2_3,Cohort_2
056_neg_Cohort_2_4,Cohort_2
057_neg_Cohort_2_5,Cohort_2
058_neg_Cohort_2_6,Cohort_2
061_neg_Cohort_3_1,Cohort_3
062_neg_Cohort_3_2,Cohort_3
063_neg_Cohort_3_3,Cohort_3
064_neg_Cohort_3_4,Cohort_3
065_neg_Cohort_3_5,Cohort_3
066_neg_Cohort_3_6,Cohort_3
069_neg_Cohort_4_1,Cohort_4
070_neg_Cohort_4_2,Cohort_4
071_neg_Cohort_4_3,Cohort_4
072_neg_Cohort_4_4,Cohort_4
073_neg_Cohort_4_5,Cohort_4
074_neg_Cohort_4_6,Cohort_4
077_neg_Cohort_5_1,Cohort_5
078_neg_Cohort_5_2,Cohort_5
079_neg_Cohort_5_3,Cohort_5